author,date,comment
oidjsf,1401-02-03,"منظور این شعر اینه که بهشت و جهنم کشکه, برو حالتو بکن"
oidjsf,1401-02-03,بسیار عالی گفتید. به این میگویند تفسیر درست (و عمومی) شعر خیام :)
oidjsf,1401-02-03,بنظر من منظور خیام این بوده که آن دنیا آینه تمام نمای این دنیاست اگر بد کنی بد میبینی و می خوردن بد نیست چون خدا به بندگانش در بهشت وعده آنرا داده پس بخورید بدون احساس گناه
oidjsf,1401-02-03,برداشتی که از این رباعی می توان داشت این است که عده ای بهشت را بخاطر حوریان بهشتی می خواهند در حالی که خیام بهشت را بخاطر می و شراب نابش می طلبد و دوست دارد... !!!!
oidjsf,1401-02-03,من قصد بی احترامی ندارم اما اشتباه میکنید. این نقد بگیر و دست از آن نسیه بدار منطور این است که بهشت و جهنم ما حمین حال است ... به امید بهشت آیینده ننشینید ... بهشتتان را همین امروز و در همین زمان حال بسازید چون کاواز دهل شنیدن از دور خوش است. ول کن بهشت و جهنمو .. در زمان حال جوری زندگی کن و از زندگیت لذت ببر که بهشت تو همین حال باشد.
oidjsf,1401-02-03,جمله ی اخر اقای محمد اوج تفکر عرفانی یک حقیقت عمیق است...
oidjsf,1401-02-03,من به گفته م ح موافقم، بر علاوه چون کنایه از آب انگور ویا می در اشعار،  نور حق یا نور خداوندی میباشد، از این رو  برداشت از رباعی خیام این است  که حاضر نقد را بگیر یعنی در زندگی خویش نور حق را حاصل کن زیرا تا زمانیکه در زندگی امروز قلب انسان با نور حق آراسته نگردد نمتوان بهشت را حاصل کرد.
oidjsf,1401-02-03,@م.ح: در تمامِ اشعارِ خیّام درباره‌یِ زندگی کردن در زمانِ حال هست و هیچ‌جا دم از آخرت و این‌ها نمیزنه
oidjsf,1401-02-03,به شعرِ پایین توجّه کنید:
oidjsf,1401-02-03,از دی که گذشت هیچ ازو یاد مکن/فردا که نیامده ست فریاد مکن/برنامده و گذشته بنیاد مکن/حالی خوش باش و عمر بر باد مکن
oidjsf,1401-02-03,مثلاً یه نمونه بود...یا:
oidjsf,1401-02-03,قرآن که مهین کلام خوانند آن را/گه گاه نه بر دوام خوانند آن را/بر گرد پیاله آیتی هست مقیم/کاندر همه جا مدام خوانند آن را
oidjsf,1401-02-03,چه آدمای ساده ای هستند اونایی که فکر میکنند وقتی خیام گفته شراب، منظورش شراب بوده!
oidjsf,1401-02-03,منظور خیام اینه که تویی که خلیفه خدا روی زمین هستی، سعی کن روی زمین هم برای خودت بهشتی خلق کنی و خداگونه زندگی کنی، یعنی صفات خدا رو در رفتار و اعمال خودت متجلی کنی...
oidjsf,1401-02-03,@می گسار:
oidjsf,1401-02-03,من مسلما بهتر از خیام نمی فهمم و فهم من رو در مقابل خیام، حتی به قطره ای در برابر دریا نمیشه تشبیه کرد...
oidjsf,1401-02-03,ولی در مورد بعضیها، بیت زیر کاربرد فوق العاده ای داره:
oidjsf,1401-02-03,آنکس که نداند و نداند که نداند / در جهل مرکب ابدالدهر بماند 
oidjsf,1401-02-03,بعضیها هنوز نمیدونند ادبیات یعنی چی، و از این موضوع آگاهی ندارند که در ادبیات، کلمات ظاهری معانی بزرگ و بالایی دارند که شاعر سعی داره اونا رو به خواننده ها القا کنه.
oidjsf,1401-02-03,ب نظر من زیبایی شعر خیام به اینه که برای همه قشری اشعارش معنی داره و در نهایت همه رو به زندگی سالم و با لذت تشویق می کنه. یکی می خواد مستقیم برداشت کنه که آب انگور( که البته کاملا به صراحت گفته) همون شرابه. خب این درسته. کسی دیگه می خواد به تجلی نور خدا مربوطش کنه اونم می تونه از زندگیش طوری که دوست داره لذت ببره. من ترجیح میدم در این زمینه مثل عوام فکر کنم و معنی ادبیات رو نفهمم. می خوام نقد بگیرم و بی خیال نسیه شم.
oidjsf,1401-02-03,"دوستان با توجه به اشعار دیگه خیام، من کاملا با نظر علی و اکثر دوستان موافقم. خیام تو بیشتر شعرهاش وعده های مذهب رو ""نسیه"" و لذائذ حال رو ""نقد"" میدونه. نمونه هاش:"
oidjsf,1401-02-03,"""گویند"" بهشت و حوض کوثر باشد"
oidjsf,1401-02-03,جوی می و شیر و شهد و شکر باشد
oidjsf,1401-02-03,پر کن قدح باده و بر دستم نه
oidjsf,1401-02-03,نقدی ز هزار نسیه بهتر باشد
oidjsf,1401-02-03,یا: 
oidjsf,1401-02-03,ای دل تو به اسرار معما نرسی 
oidjsf,1401-02-03,در نکته زیرکان دانا نرسی 
oidjsf,1401-02-03,اینجا به می لعل بهشتی میساز 
oidjsf,1401-02-03,کانجا که بهشت است رسی یا نرسی
oidjsf,1401-02-03,"تلاش برای مصادره کردن ابیات شعرا به نفع اسلام و مسلمین قدمتش طولانی ه. نمونه اش هم کتاب ""تماشاگه راز"" آقای مطهریه که تلاش زیادی کرده حافظ رو اونجور که خوشایند امت اسلام هست تصویر کنه."
oidjsf,1401-02-03, 
oidjsf,1401-02-03,"ولی راستش رو بخواین، گرچه تفسیرهایی که ""می"" رو به معرفت خدا و ساقی و مطرب و معشوق رو به نمادهای الهی تعبیر میکنند شاید در مورد بعضی شعرا آن هم بعضی از اشعارشان درست باشد، اما این که این مفاهیم رو به صورت فله ای برای تفسیر شعر همه شعرا بکار ببریم و بگیم هرجا ""می"" بود معنی اش معرفت خداست، کاری است بس سطحی. جالب است که کسانی هم که معمولا این تفاسیر رو بکار می برند معمولا بجای اینکه از قشر ادیب جامعه باشند از قشر منبری هستند."
oidjsf,1401-02-03,استاد کیارستمی هم از این شعر ناب در شعر زیبای باد ما را خواهد برد استفاده کرده
oidjsf,1401-02-03,طبق دستورات بزرگان باید به هر اعتقاد و یقینی که به مخلوقات زیان و آسیب نمی رساند احترام گذاشت و به قولی هرکسی از ظن خود شد یار من حضرت خیام نیز در زمان شوری خود بیشتر به خالق خود نزدیک تر می شدند.
oidjsf,1401-02-03,درود بر همه ایرانی هایه عزیز ببخشید منم میخوام با کسب اجازه از شما نظری بدم به اندازه  ظرف وجودی خودم متاسفانه نمیدونم مشکل کجاست که همه فکر میکنن خدا پرستی یعنی رستگاری و بی دین بودن یعنی دوزخ و..... اماچیزی که هست به قول خیام  آن مدعیان که در معنی سفتند    و از چرخ به گونه گون سخنها گفتند    اگه چو نبودند به اسرار نهان     با خود زنخی زدند و اخر خفتند  پس کسی نمیدونه بعد از مرگ برایه ما چه اتفاقی می افته البته میدونم که دین فروش ها حرفهایه زیادی میزنن ولی اون فقط یه راه کسب درامده وشغلشون ایجاد میکنه ولی این عمر ماست که داره خرج میشه پس زندگی خودمون رو پای شک ویقین خراب نکنیم  وخوش باشیم و عشق بورزیم به هر چیزی که ما رو خوشحال میکنه . پس خوش باشید وبه فردا ودیروز فکر نکنید
oidjsf,1401-02-03,باید حتما مستقیم فحش می داد به خدا و پیر و پیغمبر که منظورشو می گرفتید ؟!
oidjsf,1401-02-03,معنی این شعر اینه:
oidjsf,1401-02-03,مردم می گن باید کار خوب کنیم و از لذت های دنیا پرهیز کنیم تا تو اون دنیا خوش بخت شیم 
oidjsf,1401-02-03,من می گم اومدیم و اون دنیا وجود نداشت پس همین الان رو بچسب و حالتو بکن 
oidjsf,1401-02-03,این دیگه بحث داره بابا
oidjsf,1401-02-03,متاسفانه بعضی ها اینگونه تربیت شده اند که فقط نظر بدهند وهر کسی که بر خلاف آنها اعتقادی داشت را تخطئه کنند.در باره شعرشاعران دو احتمال وجود دارد 1- با زبان شعر وکنایه سخن گفته اند 2- با زبان عامیانه وکوچه بازاری سخن رانده...در صورت اول باید رمز گشایی شود که البته این کار تخصص لازم دارد واگر در حد شهید مطهری که یک فیلسوف مسلط به ادبیات میباشد نیست صد در صد در حد کاربران غیر متخصص اینتر نتی هم نیست خصوصا که به جهت نا شناس بودن تعهد و ضمانتی هم در برابر گفته های از سر جو زدگیشان ندارند پس لطفا زبان به کام بگیرید . 
oidjsf,1401-02-03,واگر کوچه بازاری است دیگر ارزش یک شعر را نخواهد داشت .چون شعر صرفا وزن و قافیه نیست و در این صورت یک عقده گشایی شاعرانه خواهد بود .از طرفی میدان مشخص کردن اعتقاد صحیح از نا صحیح در میدانهای پر از مشقت استدلال و تعقل  و شنیدن و بیان براهین عقلیه است وکسی که عقیده اش را از شعرا میگیرد غیر معقول عمل کرده چرا که تن به منطق شعری داده است که از ثبات و اتقان برخوردار نیست .با نهایت احترام برای کاربرانی که مستدل نقد فرموده اند باید عرض کنم گویا گروهی عرصه را برای بیان احساسات غیر عقلایی خود خالی دیده اند واگر بخواهم  باهمان زبان عامیانه مورد پسند آنان بگویم باید عرض کنم که یک تعداد شرابخوار در پی تایید شاعرانه برای عمل زشت خودشان هستند که به آنها توصیه میکنم بروید بنوشید این نجاست را و در پی تایید یا تکذیب نباشید که شما در هر صورت مینوشید حتی اگر کسی چون خیام از این واژه ها بهره نمیبرد
oidjsf,1401-02-03,خطاب به تلخ :
oidjsf,1401-02-03,اولن این شعر صد در صد کوچه بازاری نیست و کاملاً با زبان شعر و کنایه بیان شده و اونهم کنایه به افرادی بوده در ذهنشون یک پیشفرضهایی را قرار دادند و ریشه آن را هیچگاه نمیکنند . ضمناً شاعران دیگر هم ممکن است حسابشان با خیام فرق کند شما همه را یکی کردید . ضمناً مطهری هم درباره حافظ کتاب نوشته اما در مورد خیام به یاد ندارم مطلبی داشته باشند شما بهتر بود اول یک دور اشعار خیام را با تفکر میخواندید بعد حرف از فضل میزدید .
oidjsf,1401-02-03,جهانبینی خیام در تمام رباعیاتی که در گنجور آمده آنقدر واضح و مبرهن است که نیازی به تفسیر به رأی ندارد و تفاسیر به رأیی هم شده کاملاً سطحی است . این اشعار را نمیتوانید هیچکاریش بکنید .
oidjsf,1401-02-03,خیام در این رباعی نقل قول میکند از افراد مذهبی که میگویند بهشتی ها با حوری خوشند اما من آب انگور را دوست دارم . آواز دهل شنیدن از دور خوش است . حال شما تفسیر عرفانی! خود را بگویید ؟ اگر قرار باشد  برای شعر استدلال نکنیم پس اینهمه شرح دیوان حافظ همه کشک است ؟ ضمناً استدلال کردن برای پی بردن به مقصود شاعر با تن دادن به منطق شعری فرق دارد . چون شاعران گاه از حسن تعلیل (علت غیر منطقی برای یک پدیده استفاده میکنند ) استفاده میکنند اما مقصود کاملاً منطقی دارند .
oidjsf,1401-02-03, پاراگراف آخرتون هم مغلطه بود  . اگر کسی اعتقاد داشته باشه شراب در شعر خیام هست لزوماً شرابخوار هم نیست و اگر هم باشد ربطی به اینجا ندارد .
oidjsf,1401-02-03,خطاب به م.ح : برداشت کاملاً اشتباهی بود . اگر هم به فرض خیام آب انگور بهشت را بر حوری بهشت ترجیح میدهد پس بیت دوم را چه میکنید ؟ در بیت دوم خیام میگوید فعل نزدیک را بچسب و آینده را رها کن نسیه را رها کن . پس اگر آب انگور مربوط به بهشت باشد منظور خیام از نقد و نسیه چیست ؟ حوری بهشت و می بهشت هر دو نسیه هستند پس می مربوط به دنیا(نقد) و حوری مربوط به بهشت(نسیه) است و خیام میگوید حوری بهشت را ول کن و به می دنیا بچسب . حالا اگر این می می عرفانی باشد نیازی ندارد که حوری را رهاکند چون هر دو در طول همدیگر هستند ( هم حوری هم می عرفانی ) اما اگر می دنیایی باشد شعر را میتوان توجیه کرد چنان که در سایر رباعی ها هم همین مطلب را رسانده است :
oidjsf,1401-02-03,گویند بهشت و حورعین خواهد بود
oidjsf,1401-02-03,آنجا می و شیر و انگبین خواهد بود
oidjsf,1401-02-03,گر ما می و معشوق گزیدیم چه باک
oidjsf,1401-02-03,چون عاقبت کار چنین خواهد بود
oidjsf,1401-02-03,چه جالبه.. فکر می کنم اگر خیام الان زنده بود پایین این حاشیه ها از شعر دوستش استفاده می کرد و می گفت: هر کسی از ظن خود شد یار من ×× از درون من نجست اسرار من
oidjsf,1401-02-03,گرچه می شه از شعر خودش هم استفاده کرد که میفرماید: 
oidjsf,1401-02-03,گاویست در آسمان و نامش پروین
oidjsf,1401-02-03,یک گاو دگر نهفته در زیر زمین
oidjsf,1401-02-03,چشم خردت باز کن از روی یقین
oidjsf,1401-02-03,زیر و زبر دو گاو مشتی خر بین
oidjsf,1401-02-03,در مورد اکثریتی که شراب و می خیام رو  تعبیر خدایی و مذهبی می کنن، جدا کاربرد داره.. به قول خودشون.. در جهل مرکب ابد الدهر بمانند..
oidjsf,1401-02-03,زیست احمقانه   در مقابل   زیست هستی اندیش
oidjsf,1401-02-03,زیست نباتی ، اقتصادی  و مثل کرم دور خود پله بستن و عافیت طلب   در مقابل  زیست آنچه که شایسته انسان است . انتخاب با خودته هر جور میخوای زندگی کن آخه مخت نمیکشه که بفهمی
oidjsf,1401-02-03,زمانی که انسان می اندیشه و به یک فهمی میرسه چقدر خودشو و موجودیتشو احساس میکنه و در هستنگاه خودش تثبیت میشه حالا
oidjsf,1401-02-03,تو با مستی خودت خودتو تثبیت کن .
oidjsf,1401-02-03,قران نخون برو دکارت بخون برو هگل بخون برو فیلم
oidjsf,1401-02-03,سولاریس تارکوفسکی رو ببین فیلم ادیسه فضایی
oidjsf,1401-02-03,2001 کوبریک و ببین فیلم توت فرنگی های وحشی رو ببین برو فلسفه هایدگر رو بخون .
oidjsf,1401-02-03,بعدش بیا خیام بخون ببین خیام چی گفته.و سهروردی چه گفته . 
oidjsf,1401-02-03,آدم متاسف میشه  با این  ....
oidjsf,1401-02-03,خطاب به تلخ گوشت تلخ:
oidjsf,1401-02-03,اولاً باید عرض کنم وقتی یه شعر اینقدر روان و سلیس هستش که همه از کوچیک و بزرگ معنیش رو درک کنن این کوچه بازاری نیست که اگه اینطور بود تلخک جان تو هم الان 4-5 تا دیوان شعر و رباعیات داشتی ثانیاً اینکه خیام رو فقط با رباعیاتش بخوای بشناسی نتیجش میشه طرز تفکری که تو داری 200 تا 300 سال پیش ایران رو تو دنیا به 2 تا چیز می شناختن فرش ایرانی و خیام سوماً رباعیات خیام کوچکترین موضوعی هستش که خیام رو میشه باهاش شناخت اگه میخوای معنی شعرای خیام رو بهتر بفهمی به کارای دیگش هم یه توجه بکن: ستاره شنای برجسته ای که تقویم جلالی رو پایه گذاری کرد-جبر و ریاضیات رو متحول کرد-در پزشکی سرآمد دوران خودش بود و در فلسفه به نهایت رسیده بود آیا به واقع می توان گفت یه همچین شخصیتی شعرای کوچه بازاری گفته باشه؟ واقعاً برات متاسف شدم.....
oidjsf,1401-02-03,شما خودتون را در برابر زاهد سجاده نشینی ببینید که همیشه شما رو به پرهیز از همه خوشی ها چه حلال و چه غیر حلال دعوت میکنه
oidjsf,1401-02-03,حال شما خودتون رو در برابر سودجو زاهد نمایی تصور کنید که دم از دین می زنه تا شما رو از حق محیروم کنه و شما رو درگیر چیزهای سطحی کنه تا خودش راحت ملاصفتی کنه و بازار گرمی!
oidjsf,1401-02-03,حال اگر شما خودتون رو جای خیام بذارین برای آگاه کردن مردم بهشون میگید که: مرئم به این سودجو زاهدنما اهمیت ندین و بگین که من سهم و حقم رو می حوام ولو به قول تو حرام. من می ئونم و حساب و کتاب اون دنیا.
oidjsf,1401-02-03,27.شما خودتون را در برابر زاهد سجاده نشینی ببینید که همیشه شما رو به پرهیز از همه خوشی ها چه حلال و چه غیر حلال دعوت میکنه
oidjsf,1401-02-03, 
oidjsf,1401-02-03,حال شما خودتون رو در برابر سودجو زاهد نمایی تصور کنید که دم از دین می زنه تا شما رو از حق محیروم کنه و شما رو درگیر چیزهای سطحی کنه تا خودش راحت ملاصفتی کنه و بازار گرمی!
oidjsf,1401-02-03, 
oidjsf,1401-02-03,حال اگر شما خودتون رو جای خیام بذارین برای آگاه کردن مردم بهشون میگید که: مرئم به این سودجو زاهدنما اهمیت ندین و بگین که من سهم و حقم رو می حوام ولو به قول تو حرام. من می ئونم و حساب و کتاب اون دنیا.
oidjsf,1401-02-03,با سلام.اولا من خیلی امیدوار شدم به جامعه اطراف خودم که خیلی منطقی و جسورهستند.حرکت گوسفند وارانه انسان منشا همه مشکلات است پس باید مانند پرنده رها وسرکش بود.مثل خیام .به نظر من شعر کاملا روشن است .بهشت در وجود خودمان ست نه درجایی دیگردر همین مکان وزمان.بهشت در دستان ابر انسان نیچه هست .بهشت درتفکرات شریف تنهایی مان هست .....ونه درآنچه در بوق وکرنا می کنند .
oidjsf,1401-02-03,زندگی پوچ است و مسخره/
oidjsf,1401-02-03,امروز را زندگی کن و فردا را رها و به هیچ جز اکنون و لذت های امروز نظاره مکن.
oidjsf,1401-02-03,خلاص
oidjsf,1401-02-03,هیچکی نمی تونه با اطمینان بگه منظور خیام چی بوده.ولی یه چیزو مطمینم که خیام اومده همه بند و حصار را همه عادت ها رو ببره زیر سوال.ما رو به فکر ببره همه چیو همین جوری قبول نکنیم.
oidjsf,1401-02-03,ما از این شعر بسیار شنیده ایم و هیچ نظری نداریم
oidjsf,1401-02-03,منظور خیام اینه که دست از این وعده های سر خرمن بردارین
oidjsf,1401-02-03,دنیا و هرچه هست همینه که میبینین
oidjsf,1401-02-03,پس لحظات زندگی رو غنیمت بدونین و با خوشی بگذرونین
oidjsf,1401-02-03,باسلام خدمت تمامی دوستان هرکس رباعیات خیام رابراساس شناخت وفکرخودش درمی یابد.باتوجه به دریافت من که بعضی ازدوستان نیز اشاره داشتندبهشت وجهنم هرکس اکنون وحالاست که می تواند برای خودش ترسیم کندپس سعی کنیم طوری زندگی کنیم که آرامش وبهشتی برای خودمان بسازیم حصارغم واندوه نباشید
oidjsf,1401-02-03,"سلام میخواستم بگم خیام اصلا"" انسان عرفانی نبوده یعنی به همه چیز با علم نظر میکرده و در این شعر خیام خیلی ساده حرف زده انقد پیچیدش نکنید شما هم به شعر ساده نگاه کنید و عرفان رو به این شعر منسوب نکنید کاملا"" مشخصه چی میگه"
oidjsf,1401-02-03,با سلام به نظر بنده منظور از اب انگور همان رسیدن به خدا  وسرمستی از وصال با محبوب است در همین دنیا  مستی یعنی از خود بی خود شدن  یعنی خود را ندیدن یعنی سراسر خدایی شدن
oidjsf,1401-02-03,با سلام به نظر بنده منظور از اب انگور همان رسیدن به خدا وسرمستی از وصال با محبوب است( در همین دنیا )   .(مستی یعنی از خود بی خود شدن یعنی خود را ندیدن یعنی سراسر خدایی شدن)
oidjsf,1401-02-03,"""با سلام به نظر بنده منظور از اب انگور همان رسیدن به خدا وسرمستی از وصال با محبوب است در همین دنیا مستی یعنی از خود بی خود شدن یعنی خود را ندیدن یعنی سراسر خدایی شدن"""
oidjsf,1401-02-03,------------------
oidjsf,1401-02-03,کلا شما از هرچی بخوای هرجور دوست داری برداشت میکنی رفیق.
oidjsf,1401-02-03,این چندخط اینقدر واضح و به زبان مادری شما بهشت و دنیای خیالی پس از مرگ رو تکذیب کرده و شما از پشت عینک خداباوری نمیخواهی یعنی اجازه نداری یه برداشت ساده و واضح داشته باشی.
oidjsf,1401-02-03,درود بر تمامی سروران عزیز
oidjsf,1401-02-03,واقعاً استفاده کردیم.ذهن زیبای همه دوستان عزیز را می ستاییم.
oidjsf,1401-02-03,حق نگهدارتان
oidjsf,1401-02-03,من دوس دارم به صورت نفهم ها و بیسوادا عین شعرو بخونم و معنای صریح نقدینگی دنیا و مستیشو فکر کنم تا نور خداوندو استعاره و تفسیری که مذهبون میکنند تا بشاشن تو شعر
oidjsf,1401-02-03,با درود هیچ چیز مثل پرهیزکاری برای انسان کار ساز نیست . به یقین این گونه است .
oidjsf,1401-02-03,خیام راجع به بهشت نقد در عرفان صحبت میکنه..
oidjsf,1401-02-03,تا کلاس اول رو نری به دوم نمی رسی
oidjsf,1401-02-03,تا دیپلم نگیری دانشگاه نمیری
oidjsf,1401-02-03,بابا حال تو این اولی رو حسابشو برس.. بعد برو پی اون..
oidjsf,1401-02-03,ساز شنیدن صداش از دور خوش هست اما وقتی دستش میگیری میبینی بابا حالا حالا کار داری..
oidjsf,1401-02-03,مصاحبه استاد طاهری بزرگداشت حکیم عمر خیام نیشابوری:
oidjsf,1401-02-03,با سلام 
oidjsf,1401-02-03,گویند کسان بهشت با حور خوش است
oidjsf,1401-02-03,گویم بتو من که آب انگور خوش است
oidjsf,1401-02-03,این نقد بگیر و دست از آن نسیه بدار
oidjsf,1401-02-03,کآواز دهل شنیدن از دور خوش است
oidjsf,1401-02-03,با خواندن وتوحه باشعار یک شاعر مشکل تا به یقین قضاوت نمود که سخن دل و نظر شخصی وی چه بوده است بلکه هر خواننده ای بمیزان ذوق وسلیقه خویش آنرا معنی مینماید و بشاعر نسبت میدهد این امر در مورد ابوعلی سینای ثانی حکیم عمر خیام مردی فاضل و اندیشمند که پس از مطالعات بسیار در علوم مختلف همواره بدنبال چگونگی آفرینش و مجهولات آن بود و اوقات فراغت را بسرودن رباعیاتی که حاکی از افکار او و زبان دلش بود می سپرد نیزصادق میباشد معدودی وی را مادی گرا ویا ماتریالیسم وعده ای دیگر نیز عارف وصوفی میدانند لکن با اندکی مطالعه در سوابق وی حقیقت مطلب تا حدودی روشن میگردد که شعرایی همانند خیام و سعدی وحافظ و امثالهم در عصر خویش بدلیل مواعظ فراوان توسط مبلغین مذهب بمقابله با آنان می پرداختند و اشعاری می سرودند و گفتار آنان را نقض مینمودند لکن مفهوم این نبود که به آفریدگار اعتقاد نداشتند بلکه غرض بر این بود که برای رسیدن به معشوق عاشق نیازی به حوریان و بهشت ندارد ومعبود همواره در دلٍ مطهر میباشد واگر تن آدمی مزین به جان آدمیت باشد کافیست نقداً در دنیای مادی به اعمال نیکو مبادرت نموده ودست از شعار دادن و وعده های نسیه بردارد که دلباخته واقعی نیازی بدان ندارد ولذا فارغ از هرگونه وعده اجمالاَ اعتقاد خیام رابحضرت حق میتوان در این رباعی بسنده نمود
oidjsf,1401-02-03,هرچند که رنگ وبوی زیباست مرا
oidjsf,1401-02-03,چون لاله رخ و چو سرو بالاست مرا
oidjsf,1401-02-03,معلوم نشد که در طربخانه خاک
oidjsf,1401-02-03,نقاش ازل بهر چه آراست مرا
oidjsf,1401-02-03,والسلام
oidjsf,1401-02-03,با احترام
oidjsf,1401-02-03,نازگل
oidjsf,1401-02-03,وقتی که اومدم تک تک جونتونو گرفتم اونوقت که میفهمین خیلی دیر شده
oidjsf,1401-02-03,دوستان انقدر زحمت نکشید ، نمیشه کسی را بیدار کرد که خودشو به خواب زده ، چون خیام از همه چهارده معصوم اینها بزرگرتره و نمیتونن کاری در باره این بزرگی جهان شمول بکنند ، میخواهند افکار خیام را مصادره کنند ، این یک واکنش مغزی ! است
oidjsf,1401-02-03,لطفا نظرتونو واسه خودتون نگه دارین و از شعر لذت ببرین
oidjsf,1401-02-03,به قول سعدی علیه رحمه
oidjsf,1401-02-03,زبان درکش ای مرد بسیار دان
oidjsf,1401-02-03,که فردا قلم نیست بر بی زبان
oidjsf,1401-02-03,یا به قول امروزیا حرف نزنی کسی نمیگه لالی
oidjsf,1401-02-03,شعر به این قشنگیو تفسیر نکنین مزه ش میره
oidjsf,1401-02-03,چه دنیایی چه آخرتی!
oidjsf,1401-02-03,آخرش اونجوری که میخواین برداشت میکنین حالا هی گلو جر بدین و برهان بیارین
oidjsf,1401-02-03,با تشکر از ابوالفتح عمر بن ابراهیم الخیامی معروف به خیام
oidjsf,1401-02-03,خیام از انجا که فیلسوف و ریاضی دان بوده ذهنی پرسش گر از جهان هستی و کائنات داشته و شک و تردید او فلسفی است. اودر هستی و خدا و آخرت و همه چیز شک میکند و هیچ ابهام و کنایه و مبهم گویی در رباعیات او نیست و با دیدگاه عرفا فرق می کند .  در رباعیات او  از عشقی که منظور عرفا است خبری نیست هر چه هست لذت های زمینی و ملموس است . حالا  اگر عده ای دوست دارند همه چیز را با عینک عرفان و راز گونه به بینند ربطی به خیام ندارد !تا انجا که من اطلاع دارم هیچ اهل قلم و صاحب نظری اورا عارف نمی داند. اگر کسی میداندنام ببرد.
oidjsf,1401-02-03,اینایی که رباعیایه خیامو به دین میچسبونن همونایین که اگه از نزدیک در حال می خوری ببیننش میگن داره اب میخوره اگه مست ببیننش میگن نور خدا شادش کرده  ما اصن این مدلی باهاش حال میکنیم می خوار و شراب خوار شوما برین اونجوری که عشق میکنین لای قران دنبالش بگردین
oidjsf,1401-02-03,سلام بر همه 
oidjsf,1401-02-03,من نظرات موافق و مخالف را خوندم برای من هردو طرف قوی و مصمم ظاهر شدن که خیلی عالیه
oidjsf,1401-02-03,من فقط خواستم إز هر دو گروه تشکر کنم که این قدر برای ادبیات کهن ارزش میگذارید و با نظراتتان ان روغنی تر میکنید
oidjsf,1401-02-03,کریستف لوکزنبرگ Christoph Luexenberg معتقد است که قرآن در واقع یک متن سریانی عربی بوده و وی قادر شده است که برخی از سوره ها و آیات را رمزگشایی کند. برای مثال سوره کوثر هیچ معنایی نمی دهد اگر شما آنرا متنی سریانی در نظر نگیرید. اما اگر این کار را بکنید معنای این سوره مبهم آشکار می شود3.“لوکزنبورگ همچنین اولین کسی بود که دریافت کلمه حورین در قرآن که ما آنرا به معنای باکرگان بهشت الله تصور می کنیم معنایی جز میوه انگور نمی دهد.”
oidjsf,1401-02-03,بیچاره این همه آدم که به عشق رسیدن به باکره ها خود را به کشتن دادند و بقیه را کشتند و تازه اگر به بهشت بروند فقط انگور گیرشان می آید . اما حالا که فکر می کنم می بینم که این لوکزنبورگ نبود که اول از همه دریافت کلمه ی ” حورین ” در قران به معنی باکره ها نیست و انگور معنی می دهد . خیام در قرن پنجم این موضوع را خوب می دانست آنجا که گفت : 
oidjsf,1401-02-03,گویند کسان بهشت با حور خوش است من میگویم که آب انگور خوش است
oidjsf,1401-02-03, این نقد بگیر و دست از آن نسیه بدار کاواز دهل شنیدن از دور خوش است
oidjsf,1401-02-03, این قافیه قرار دادن حور و آب انگور چه معنی غیر از این می تواند داشته باشد ؟
oidjsf,1401-02-03,نمی دانم نام مبارک شما را چگونه بخوانیم ، اما قرآن در مقایسه با کتابهایی که نام برده اید بسیار پیشرفته ترو انسانی تر است.بد نیست به جای استناد به غربیان  کتابهای دینی آنان را بخوانید و پس داوری کنید ، اگر در آن حد اید.
oidjsf,1401-02-03,آنچه را که ندا نوشته درست می دانم فقط تأسفم از اینست که بچه های امروزی مثل قدیمی ها امکان شنیدن بانگ موزون دهل واقعی را ندارند تا دقیقاً حس و لمس کنند که صدای دهل از دور چقدر گوشنوازتر است ! کنایه سختی که نابغه ای همچون خیّام را بر صدر تمام فیلسوفان جهان می نشاند
oidjsf,1401-02-03,واقعا مغز آدم آتیش می گیره وقتی می خوان این رباعی رو به خداشون نسبت بدن.
oidjsf,1401-02-03,خواهش می کنم این خدای خیالیتون رو به خیام نچسبونین، خودتون برین با خداتون حال کنین، چیکار به کارِ خیام دارین
oidjsf,1401-02-03,گورکن بنظرم اینطوری که شما و امثال شما هرچیزی رو تفسیر میکنن خوبه نمیگن زندگی بشریت رو تفسیر کنید وگرنه بشر بیچاره میشد خب اینطور تفسیر کردن که کاری نداره تورات بدلیل اینکه از ات عربی که مخصوص جمع مونث استفاده شده و تور هم  که 10000 سال پیش توسط اقوام پیش از آریایها در فلات مرکزی ایران کنونی استفاده میشده به معنی تبار و قوم هست یعنی اقوام مونث یا تبار مونث پس اینکه یهودیان نسبت به کتاب آسمانی میدن هیچ ارتباطی نداره و خواستن خودشون رو نسبت به انسانهای دیگه برتر جلوه بدن یا اینکه زئوس خدای خدایان در مفاهیم و ادبیات یونان باستان بدلیل اینکه از لحاظ فلسفی تخلیه شده بودن و خدا هم کم داشتن یه خدای خدایان که از همه قویتره بوجود آوردن تا فلسفشون جون بگیره تا مردم بیچاره رو بهتر سرکیسه کنند دیدی چکار راحتیه حتی میتونی لیموشیرین رو به سیاره مریخ ربطش بدی و کلا یه چیزی رو نقض ودروغ بدونی یا درست و روحانی اینجور تفسیر کردنا در اصطلاح بدرد عمت میخوره هرکسی میتونه اینطوری برهان بیاره دانشمند
oidjsf,1401-02-03,یه نگاه مینداختی این خیام رو از بالا تا پایین گور به گورش کردن هرکی یه چیزی گفت پس ببین تفسیر و برهان اوردن براساس دید افراد نسبت به دنیای خودشونه که چطور بو طعم ومزش رو هر فردی از منظر خودش داره و شما داری اعتقاد میلیاردها انسان که در یه زمینه  براشون رنگ و بو و طعمی مشترک داره رو با 4تا دلیل آبکی و سرهم بندی شده نفی میکنی 
oidjsf,1401-02-03,خیام خدا رحمتت کنه
oidjsf,1401-02-03, آسوده بخواب که ما بیداریم
oidjsf,1401-02-03,خیام خخخخخخخخیییییییییییییلللللللللی واضح منظورش رونوشته ونمیشه تفکرات خیام به نفع مکتبی دیگرمصادرش کردولی ای کاش خیام یک شعردراین وزن می نوشت که چه سرداست طبیعت وقتی خداازآن رفته باشد. با این وجودخوشحالم که دریک ملت چندصدایی زندگی میکنم
oidjsf,1401-02-03,سلام و درود فراوان و به نام حق.خیام جان وقتی که شعری نوشته مست بوده .هر دین و مذهبی مربوط به دوران خودشه جهان بعد از مرگم مشخص نیست با شناختی که از خیام جان دارم میتونم بگم که ایشان از تنها چیزی که لذت میبردن شراب بوده به اخرتم اگه  اعتقادم داشته باز روی برگردان شده کتاب خیام و ان دروغ بزرگ رو بخونید درباره ذرات تاریکم مطالعه کنید و خواهشن بی طرفانه و با اطلاعات بالا درباره جهان اخرت فکر و تصمیم بگیرید درباره   زمان هم مطالعه کنید و کتاب صد قرن سکوت هم بخوانید ریا کارم نباشید دنیا اون چیزی نیست که ما طبق رسوم اجدادی ازش پیروی میکنیم خودتون فکر کنید و ببینید واقعا اگه اخرتیم باشه لذت میبرین وقتی یکی از اون هوری های بهشتی مادر و خواهر خودتون باشه هرچند اینا فقط وعده هایین که ادم به انسانیت در این جهان برسهو مثه حیوان با زنان رفتار نکنن و الباقی
oidjsf,1401-02-03,آقای/خانم ذرات تاریک
oidjsf,1401-02-03,برای رد آخرت و اینکه دنیای دیگری وجود ندارد، باید استدلال های مدعیان آخرت را باطل کرد نه با ادعای محض بخواهیم معتقدان سرای باقی دست از آن بشویند.
oidjsf,1401-02-03,خیام انسانی موحد و یکتاپرست است و بیش از نود درصد از اشعاری که به وی نسبت داده شده، از او نیست.
oidjsf,1401-02-03,خیام کتابی در شرح خطبه توحید ابن سینا، موحد و فیسوف بزرگ، نوشته است. گزارش دقایق انتهای زندگی خیام نیزدر دست است و نشانگر یکتاپرست بودن و نمازخوان بودن او.
oidjsf,1401-02-03,کمی بیشتر و از روی انصاف، مطالعه و تحقیق کنید رفیق.
oidjsf,1401-02-03,مطابق آخرین تحقیقات، عمر خیام در پنجشنبه 12 محرم سال 526 در سن 83 سالگی در نیشابور درگذشت. امام محمد بغدادی ـ داماد خیام ـ مرگ وی را چنین حکایت می‌کند، مطالعة الهی از کتاب الشفا می‌کرد، چون به فصل واحد و کثیر رسید، خلال دندان طلایی را که با آن دندان پاک می‌کرد، در میان اوراق موضع مطالعه نهاد و گفت مرا که جماعت را بخوان تا وصیت کنم. چون اصحاب جمع شدند و به شرایط وصیت قیام نمودند، به نماز مشغول شد و از غیر اعراض کرد تا نماز [خفتن بگذارد و روی بر] خاک نهاد و گفت: خدایا به درستی که من به اندازة توانم تو را شناختم، پس مرا بیامرز، که معرفت من به تو تنها وسیلة آمرزش من است به سوی تو. و جان تسلیم کرد.
oidjsf,1401-02-03,دوستان عزیز لختی بی اندیشیم: که خیام واقعاً کی بوده، قبل از این که خود را برای چند ربایی که سند اصلی بودن آنها هم موجود نیست به ظلالت و گمراهی بکشانیم.
oidjsf,1401-02-03,این که نوشتم از کتاب می و مینا بود.
oidjsf,1401-02-03,ولی منابع دقیقتری هم هستند.
oidjsf,1401-02-03,خیام عارف نبوده یک ریاضیدان بوده است. شعرش مثل مولانا عرفانی نیست. برای همین در غرب طرفدار دارد. حتی بین کمونیستها
oidjsf,1401-02-03,خیام به هیچکس و هیچ خدایی اعتقاد نداشته،این مذهبیون خودشونو نکشن.
oidjsf,1401-02-03,من واقعأ عاشق خیام هستم
oidjsf,1401-02-03,"شما چطور به این استدلال رسیدید که ""خیام به هیچکس و هیچ خدایی اعتقاد نداشته""؟"
oidjsf,1401-02-03,امام علی علیه السلام می فرماید: گروهی خدا را برای چشم داشت، می پرستند و این پرستش بازرگانان است. گروهی او را از روی ترس عبادت می کنند و این عبادت بردگان است، و گروهی او را سپاسمندانه می پرستند و این پرستش آزادگان است...
oidjsf,1401-02-03,خیام و خیلی از بزرگانی این چنین بسیار غرق در عرفان شده بودند.من به شخصه اعتقادم آن است که یک فرد دانشمند نمیتواند داِئن الخمر باشد.چرا که راه دانش سرشار از ریاضت و سختیست.حال که این بزرگمرد در علوم بسیار عالم بود از فلسفه،نجوم،موسیقی،ریاضیات و ... آن هم در آن زمان و با آن امکانات محدود.واقعا او یک نابغه بود.خیام ابتدا علوم تجربی را قبول داشت اما در اواخر عمر به این نتیجه میرسد که در زیر شعرش را نوشتم:
oidjsf,1401-02-03,هرگز دل من ز علم محروم نشد
oidjsf,1401-02-03,کم ماند ز اسرار که معلوم نشد
oidjsf,1401-02-03,هفتاد و دو سال فکر کردم شب و روز
oidjsf,1401-02-03,معلومم شد که هیچ معلوم نشد
oidjsf,1401-02-03,جالب است که نیوتن هم در اواخر عمر سخنانی مشابه خیام زد.
oidjsf,1401-02-03,کشف حقایق هستی با عقل محدود ناممکن است.عشق دریای کرانه ناپدید   کی توانش کرد شنا ای هشیار؟ خاصیت شراب مدهوشی است.شراب ما شراب انگور نیست.اینها مست می عشقند.حال برای اینکه الفاظ شعر قشنگ از آب دربیاید از واژه هایی چنین استفاده کرده اند.از روی ظاهر قضیه نباید استنتاج کرد
oidjsf,1401-02-03,دوستان دلداده اب انگور دنبال توجیه نگردن. میخوان حال کنن به قوا خودشون، حال کنین.  نیازی نیست شعر خیام رو نفهیمده و قضاوت کنین.
oidjsf,1401-02-03,چون که سخن اهل دل بشنوی مگو که خطاست
oidjsf,1401-02-03,سخن‌شناس نه‌ای جـان من خطـا این جاست
oidjsf,1401-02-03,به قول حافظ:
oidjsf,1401-02-03,به راه میکده حافظ خوش از جهان رفتی
oidjsf,1401-02-03,دعای اهـل دلت بـاد مونس دل پاکـت
oidjsf,1401-02-03,حافظ  معتقده در سرای آخرت نیز از شراب کوثر و حور بی‌نصیب نخواهد بود:
oidjsf,1401-02-03,فردا شراب کوثر و حور از برای ماست
oidjsf,1401-02-03,و امروز نیز ساقی مـه‌روی و جـام می
oidjsf,1401-02-03,و هراس قیامت را با پیاله‌ای از این باده زایل می‌کند:
oidjsf,1401-02-03,پیاله برکفنم بند تا سحـرگه حشر
oidjsf,1401-02-03,به می ز دل ببرم هول روز رستاخیز
oidjsf,1401-02-03,بهشت عـدن گر خواهی بیــا با ما به میخـانه
oidjsf,1401-02-03,که از پای خمت روزی به حوض کوثر اندازیم
oidjsf,1401-02-03,حالا 200 سال دیگه مردمی که دیوان غزلیات امام حمینی رو می بینن هم می گن ایشون هم متظورش زهرماری بوده
oidjsf,1401-02-03,خیام میگوید آب انگور (چه تخمیر شده، چه نشده) را به وعده بهشت و حوری هایش ترجیح میدهد، زیرا که آواز دهل شنیدن از دور خوش است.
oidjsf,1401-02-03,روفیای گرامی، 
oidjsf,1401-02-03,"گویا شعر ' شراب خانگی ترس محتسب خورده "" را فراموش کرده اید!"
oidjsf,1401-02-03,آب انگور است و چون هر شربت دیگری تخمیر پذیر،
oidjsf,1401-02-03,  اندکی شکیبایی میخواهد
oidjsf,1401-02-03, ما ازموده ایم ! در مرحله تقطیر است که باید هشیار بود. 
oidjsf,1401-02-03,"' به روی یار بنوشید و بانگ نوشانوش """
oidjsf,1401-02-03,پاسخ به یک شبهه :
oidjsf,1401-02-03,دنیا نقد است و آخرت نسیه و انسان عاقل نقد را به نسیه نمی‌‏فروشد.
oidjsf,1401-02-03,من که امروزم بهشت نقد حاصل می‏‌شود
oidjsf,1401-02-03, وعده فردای زاهد را چرا باور کنم !؟
oidjsf,1401-02-03,پیروان این مکتب زیادند، اینها دو اشتباه بزرگ مرتکب می‏‌شوند :
oidjsf,1401-02-03,اول اینکه برخلاف تصور ناباوران قرآن می فرماید : آخرت نقد است و دنیا نسیه 
oidjsf,1401-02-03,مَا عِندَکُمْ یَنفَدُ وَ مَا عِنداللَهِ باقٍ 
oidjsf,1401-02-03, « آنچه نزد شماست، همه محکوم به فناء و نیستی بوده و نسیه است؛ و آنچه نزد خداست، باقیست و حقیقت دارد و نقد است.
oidjsf,1401-02-03,و این واقعیتی است که همه انسانها می بینند و می دانند.
oidjsf,1401-02-03,دوم اینکه وعده‏‌های الهی برای افراد با ایمان نسیه نیست، نسیه در جایی است که طرف ضعیف است و نمی‌‏تواند به وعده‌هایش عمل کند، امّا کسی که قادر مطلق و صادق و حکیم است نقد و نسیه ندارد و وعده‌‏هایش عین واقعیّت است و سوخت و سوز ندارد.
oidjsf,1401-02-03,سوم اینکه آخرت همین الان نیز موجود است  والجنه و النار مخلوقتان موجودتان :
oidjsf,1401-02-03,ان رسول الله صلی الله علیه و سلم : هرگاه کسی فوت کند، جایگاهش در بهشت یا جهنم را خواهد دید.
oidjsf,1401-02-03,( بخاری1379ومسلم2866 )
oidjsf,1401-02-03,سوم اینکه در زندگی دنیا هم بسیاری از مواقع، نسیه را بر نقد مقدّم می‌‏دارند. به عنوان مثال تمام کشاورزان نقدشان را که بذر است می‏‌دهند، به انتظار محصولی که در سال آینده بدست می‌‏آورند، و یا تمام کسانی که سرمایه‏‌گذاری می‏‌کنند، نقد را می‌‏دهند برای نسیه فردا، چون مسأله اهم و مهم است.
oidjsf,1401-02-03,خیام در مصرع بعدی که میفرماید : 
oidjsf,1401-02-03,این نقد بگیر و دست از آن نسیه بدار
oidjsf,1401-02-03,کاواز دهل شنیدن از دور خوش است
oidjsf,1401-02-03,"مزیت آب انگور به حور را دقیقا در ""زمان حال"" بودن بیان میکند "
oidjsf,1401-02-03,"تقریبا عارفی نداریم که بر  زندگی در "" زمان حال "" تاکید نکرده باشد . مثالها علی ما شالله "
oidjsf,1401-02-03,"در همان متن (حور)  از اهل حس به عنوان کسانی که ""در گذشته مانده اند "" و اهل خیال به کسانی که ""در آینده  گرفتارند "" تعبیر شده است و گفته به آنها اسرار علم داده نخواهد شد ."
oidjsf,1401-02-03,"حضرت علی افراد را از آرزوهای بزرگ یعنی "" زندگی در آینده "" منع کرده"
oidjsf,1401-02-03,"و خداوند صفت مومن را  لاتخوافو "" زندگی در آینده "" و لاتحزنو "" زندگی در گذشته ""  ذکر میکند ."
oidjsf,1401-02-03,جناب میثم، خیام آب انگور را با بهشت (یا بهشت با حور) مقایسه کرده است، ته با حور. تکلیف بهشت در تفسیر شما چه میشود؟ شما به کلی بهشت را از قلم انداخته اید!
oidjsf,1401-02-03,به جان خودم اگه بجای (آب آنگور) مثلا (ویسکی) اومده بود باز یک عده خیلیییییییی دانا میگفتن فکر نکنی منظورش ویسکی بوده بلکه منظور ویسکی بهشتی هست از اونا که حق تعالی پیشکش میکنه به بچه خوبها تا شرشر بریزن رو تن بلورین حوری های N بار مصرف
oidjsf,1401-02-03,دوستی نوشته اند اینکه عده ای منظور خیام را از می نور حق می دانند ماست مالی کردن است و خیام در یک کلام به هیچ چیز اعنقاد نداشنه.
oidjsf,1401-02-03,سوال اول:گیریم که خیام چیزی را قبول نداشته، آیا تفاسیر گوناگون از مطلبی ارائه دادن کار خطایی است. هچ تفسیری نمی تواند ادعا کند که عین مقصود گوینده را بیان می کند، چه تفسیر شعر چه قرآن و چه یک کلام ساده.
oidjsf,1401-02-03,سوال دوم: اگر او انسان معتقدی نبوده چرا در زمان حیاتش، از سوی انسانهای معتقد به او حجت الحق (حجت خدا، روشن کننده راه حق) گفته می شد.
oidjsf,1401-02-03,اونایی که میگن منظورش شراب نبوده بدونن که اتفاقا منظورش دقیقا شراب بوده
oidjsf,1401-02-03,این دوتا 4 بیتی بین حکیم خیام و محمدبن عبداله (پیامبر) رد و بدل شده:
oidjsf,1401-02-03,خیام: 
oidjsf,1401-02-03,از من بَرِ مصطفی رسانید سلام / انگاه بگویید به اعزاز تمام/. کِی سید هاشمی چرا دوغ تُرُش/ در شرع حلال است و مِیِ ناب حرام
oidjsf,1401-02-03,جواب محمد:
oidjsf,1401-02-03,از من بر خیام رسانید سلام/ انگاه بگویید که خامی خیام/ من کی گفتم که مِی حرام است ،ولی/ بر پخته حلال است و بَرِ خام حرام
oidjsf,1401-02-03,لاتقربو الصلوت و انتم سکارا،
oidjsf,1401-02-03, ان الخمر والمیسر من عمل شیطان فاجتنبوها
oidjsf,1401-02-03,و یسیلونک عن ال........
oidjsf,1401-02-03,هیچکدام به روشنی به حرمت می اشاره ندارند،
oidjsf,1401-02-03, صاحبنظران اگر ممکن است من گناهگار را ارشاد فرمایند،
oidjsf,1401-02-03, اجر آخرت دارد.
oidjsf,1401-02-03,این منظورش اینه که نماز و روزه فراموش نشه و واجبه تفسیر دیگری هم نکنید!!!!!!!
oidjsf,1401-02-03,حور در اینجا منظور حوس و شهوت است که با حوریانی که در بهشت هستند صورت میگیره.
oidjsf,1401-02-03,آب انگور و شراب در عرفان و شعرهای عرفانی منظور یاد خدا و راز و نیاز و تمثال اینها هست.
oidjsf,1401-02-03,خیام آن حوس را که فقط برای انسان های سطح پایین هست رو میذاره کنار و رسیدن به خدا و عشق به خدا که الان در همین دنیا هم میشه به آن رسید(نقد) را انتخاب میکنه. و اینکه عشق به حور ارضا شدنی است و اگر به حور برسی دیگر عشقی نسبت به اون نداری، پس بهتره که از دور بشنوی و به اون نرسی تا عاشق باشی. ولی عشق به خدا اینگونه نیست و هرچقدر به خدا نزدیک تر شی بیشتر عاشقش میشی چون خوبی ها و زیبایی های خدا رو بیشتر درک میکنی!
oidjsf,1401-02-03,با احترام به همه عزیزان جان 
oidjsf,1401-02-03,فکر کنم اگر حضرت خیام سر از قبر در بیاورند و یک پیاله 
oidjsf,1401-02-03,می ناب در دست داشته باشند باز یه عده میگن نه 
oidjsf,1401-02-03,اون می نیست و فلان هست .دوستان واقع نگر باشید 
oidjsf,1401-02-03,وقتی میگه می منظور بزرگوار همون عرق کشمشی خومونه 
oidjsf,1401-02-03,منتها بدون دیازپام و افزودنیهای غیر مجاز
oidjsf,1401-02-03,ستار جان
oidjsf,1401-02-03, واقع می فرمایی ؟ دیازپام به عرق خانگی ترس محتسب خورده  می افزایند؟
oidjsf,1401-02-03, خدای شراب از سرشان نگذرد.
oidjsf,1401-02-03,بعد از خوندن نظرات همه خواستم بگم که اولا خیام یک انسانه و به لفظ مذهبی معصوم نیست و به لفظ غیر مذهبی کامل نیست پس اگر در جایی گفته شده که شراب بنوشید به این معنی نیست که شراب نوشیدن کار درستیه الان فکر کنم دوستان با یک جستجوی ساده میتونید مزایا و معایب شراب رو بخونید و بعدش عقلانی تصمیم بگیرید دوما خیام بارها گفته که در دنیا خوش باشید و مسلما انجام کار هایی مثل شراب نوشیدن شاید خوشی لحظه ای داشته باشد ولی باعث رنج های فراوانی خواهد شد پس شاید بتوان اینگونه گفت که منظور چیز دیگری است ولی من هم که در حد خیلی کم اطلاعات دارم فکر میکنم در شعر های خیام بیشتر منظور از می همان معنی عامیانه است تمام تلاشم رو کردم که عقیده ام خیلی روی نوشته ام تاثیر نگذارد و مذهبی یا غیر مذهبی تلقی نشود ولی نمیتوان تاثیر آن را به صفر رساند.ولی در مورد اشعار حافظ واقعا قرآن توی اون موج میزنه پس لطفا دیگه بی انصافی نکنید.
oidjsf,1401-02-03,درودی دوباره به خانم/آقای …
oidjsf,1401-02-03,آنچه شما ذکر کردید زیاده روی در نوشیدن است دوست عزیز. ضررهای زیاده روی در مصرف مواد نشاسته ای و شکر و گوشت شاید حتی بیشتر باشد. می باید به روش زندگی در کشورهای اروپا و آسیای شرقی و کل قاره امریکا احترام گذاشت.
oidjsf,1401-02-03,دیگر اینکه تجربه شخصی خودم اینست که بسیار می شناسم افراد مؤمن و به حج رفته و نمازگزاری را که هر از چند گاهی لب تر می کنند و با گناهش کنار می آیند.
oidjsf,1401-02-03,اینکه می گویید قرآن در اشعار حافظ موج می زند کاملأ درست است. حافظ عاشق خدا و پیامبر و قرآن بوده.
oidjsf,1401-02-03,اما چیزهای دیگری هم موج می زده دوست گرامی. از جمله شکایتها و خشم او از اطرافیان، افسردگی او، ادعای مصرف می برای رفع دردها، ادعای مصرف می برای لذت در کنار معشوقه، احساس گناه از این عملکردهای حرام، توبه، و بالاخره طلب بخشش و امید آمرزش از سوی پرورگار.
oidjsf,1401-02-03,من هدف بحث با شما درباره موجهایی که اشاره کردم را ندارم. چون با بینش شما و جایگزین کردن واژه ها و پیچاندن مطلب به آنچه خود باور دارید آشنا هستم.
oidjsf,1401-02-03,نکته من اینست که انصاف خواستن دو طرفه است. همانقدر که شما خواهان انصاف هستید، دیگران نیز از شما انصاف می خواهند.
oidjsf,1401-02-03,در این ایام نوروزی برای شوخی هم که شده، در رابطه با شعرا و تعبیرشان از می، انصافی به خرج دهیم و به صلحی برسیم…
oidjsf,1401-02-03,خیام را بدهید به ما،
oidjsf,1401-02-03,حافظ را با هم تقسیم کنیم،
oidjsf,1401-02-03,مولوی بزرگوار هم برای شما!!!!
oidjsf,1401-02-03,با احترام
oidjsf,1401-02-03,حمیدرضای عزیز
oidjsf,1401-02-03,من چون معمولا حاشیه هارو میخونم احساس کردم شما این دوستمون رو با من اشتباه گرفتید. من فکر می کنم در حاشیه یکی از اشعار مولوی بود که از محضرتون استفاده کردم. به هر حال اسمی که من و دوست خوبمون انتخاب کردیم اشتراک لفظی دارن. ولی اون ...ی که شما از حاشیه های مولوی به خاطرتون مونده منم و بینش من رو با بینش دوستمون که اینجا حاشیه نوشتن پیوند ندین.
oidjsf,1401-02-03,ضمنا ممنونم از تقسیم الشعرایی که انجام دادین. من از سهمی که از ادبیات بهم عنایت کردین بی نهایت خرسندم. هرچند تعلق به کسی یا چیزی دون شان این بزرگواران هست.
oidjsf,1401-02-03,واقعا خوشحال شدم از هم کلامی مجدد با شما دوست من. این روزا که بیشتر مردم شادن یا حداقل سعی می کنن باشن برای شما و عزیزانتون لحظه هایی رو میخوام که آتشفشان شادی در عمق وجودتون فوران کنه و گدازه های زیباش رو لباتون بشینه.
oidjsf,1401-02-03,موفق باشید.
oidjsf,1401-02-03,… عزیز،
oidjsf,1401-02-03,ممنون که برایم نوشتید و تشابه اسمی را متذکر شدید. از اینکه شما را به اشتباه وارد گفتگو کردم ببخشیدم، اما نیک بختیی بود تا باز از شما بشنوم.
oidjsf,1401-02-03,مولوی و خیام و حافظ متعلق به همه جهانیان هستند. پیام من در آن شوخی و تقسیم بندی فقط این بود که ما طرفداران این بزرگان، در رابطه با منظورشان از می و مستی، راهی بیابیم و با یکدیگر کنار آییم.
oidjsf,1401-02-03,من نیز برای شما و عزیزانتان سالی پر از شادی و سلامتی آرزو می کنم.
oidjsf,1401-02-03,پیروز باشید
oidjsf,1401-02-03,ارزو تا زمانی ز
oidjsf,1401-02-03,ارزو تا زمانی زیباست که بهش نرسین اگه رسیدین دیگه ارزو نیست پس انتظار بهشت زیبا تر از در بهشت بودنست
oidjsf,1401-02-03,سلام آقای حمیدرضا من اونیم که گفته بود با انصاف باشیم من آن انسانی که شما فکر میکنید که به شدت مذهبی باشد و این دیدگاه را برای  آن قرار دهم که دیگران نیز مثل من فکر کنند نیستم و هدفم پیچاندن مطلب و نشان دادن خود به عنوان شخص بی طرف برای تبلیغ عقیده خودم  نبود فقط نظرم را گفتم و صادقانه تلاش کردم که تاثیر عقیده خودم را کم کنم البته بهتر بود این را به زبان نمی آوردم. هدفم از کشیدن پای حافظ به وسط ماجرا این بود که در جواب بعضی ها که میگویند حافظ اصلا مسلمان نبوده بگویم که با انصاف باشند و نه این که حافظ نیز تا بحال لب به می نزده باشد. موفق باشید
oidjsf,1401-02-03,…. عزیز،
oidjsf,1401-02-03,ممنونم از توضیحاتی که برای روشنتر کردن نوشته پیشین تان دادید. 
oidjsf,1401-02-03,من هرگز چنین جسارتی نکردم که با خواندن نوشته کوتاهی از شما به نتیجه گیریی از شخصیت تان برسم.
oidjsf,1401-02-03,"من تنها علاقه به گفتگو درباره ""مطالب"" و تبادل نظر درباره شان و آموختن از انسانها دارم. "
oidjsf,1401-02-03,دیدگاه های شما همه از روی منطق بودند و من فقط خواستم با منطق خودم گفتگویی با شما داشته باشم.
oidjsf,1401-02-03,ناگفته نماند، بسیاری از عزیزان من به شدت افرادی مذهبی بوده اند که وجودشان پر از عشق و صفا و صمیمیت و مهربانیست. 
oidjsf,1401-02-03,پاینده باشید دوست عزیز و امیدوارم باز هم نظرهایتان را در حاشیه ها بخوانم.
oidjsf,1401-02-03,مهناز خانم
oidjsf,1401-02-03, شما چطور جرات میکنید به ایشان ایراد بگیرید؟
oidjsf,1401-02-03,کسی که چند لیسانس و فوق لیسانس و دکترا دارد!
oidjsf,1401-02-03,و در سه چهار سالگی شاهنامه و مثنوی و .... از حفظ بوده است!!
oidjsf,1401-02-03,گرامی خسته
oidjsf,1401-02-03,ایشان گرمی بازار گنجورند
oidjsf,1401-02-03,ایراد نیست سهوالقلم بوده .
oidjsf,1401-02-03,مرا چه حدی ست که با بلند پروازان ادب در افتم. 
oidjsf,1401-02-03,آن نوشتم تا باز آیند.
oidjsf,1401-02-03,مانا باشند و شما هم
oidjsf,1401-02-03,درباره خیام گفته ها زیاد است . اگر قرار باشد بسیاری از رباعیات او را که کفر گونه  است از او ندانیم چیزی از اشعار ش باقی نخواهد ماند!   
oidjsf,1401-02-03,برای همین کسانی مدعی شدند که این خیام غیر از آن خیام ریاضی دان است ! وکتابی هم نوشتند ! به این رباعی توجه کنید :    
oidjsf,1401-02-03,صانع به جهان کهنه همچون ظرفی است 
oidjsf,1401-02-03,آبی است به معنا و به ظاهر برفی است !
oidjsf,1401-02-03,بازیچه کفر و دین به طفلان بسپار 
oidjsf,1401-02-03,بگذر زمقامی که خدا هم حرفی است !
oidjsf,1401-02-03,انصافا هرکس این را گفته از ذهنیتی توانا بر خوردار بوده ! چه خیام ریاضی دان باشد و یا یک شخص ناشناس .
oidjsf,1401-02-03,الله اعلم
oidjsf,1401-02-03,یکی از ویژگیهایی که خیام را از دیگر شعرا متمایز میکند همین بی پرده گویی و بی تعارف سرودن اوست. 
oidjsf,1401-02-03,دلیلش هم این است که برخلاف اغلب شعرا ،خیام از طریق شاعری امرار معاش نمیکرده. او ریاضی دادن و منجم و فیلسوف بود و احتیاجی به مدیحه سرایی و تعارفات مرسوم نداشته. خیام ادعای شاعر بودن نداشته. و این اشعار را هم برای دل خو سروده. بنابراین نیازی به ملاحظه و خودسانسور نبوده. او اگر نگوییم تنها شاعر ،میتوتنیم بگوییم جز انگشت شمار شعرایی است که برای هیچ پادهاشی مدیحه نسروده و مجیز گویی از هیچ دین و مسلکی نکرده.
oidjsf,1401-02-03,همین برای شخص من باعث شده که جایگاه اورا بسیار بالاتر از دیگر شعرای نامی بدانم با اینگه از نظر صنایع ادبی و مهارت سرودن شاید به اندازه انها ماهر نبوده
oidjsf,1401-02-03,عبادت برای بدست آوردن حوری و منفعت کم ارزشترین عبادتها ست شاید و نه به یقین در زمان خیام اکثر انسانها جزو این دسته بوده باشند و خیام بدین صورت اعتراض خود را اعلام کرده باشد و این نظر شخصی من است و بسا اینکه ممکن است واقع این نباشد ولی دانشمند بودن خیام در زمینه های علمی بر کسی پوشیده نیست ولی ما هرگز نمیتوانیم خیام را عاری از اشتباه فرض کنیم و در منطق قضاوت او را جای خدا قرار بدهیم و حرف او را بدون قید و شرط قبول کنیم خیام گفته که گفته من اگه در جایگاه یک ملحد هم بخوام  بگم میگم شاید خیام درست بگه شاید هم کس دیگر در ست بگه هیچ بایدی وجود ندارد مگر اثباط شده باشد و قضاوت با خودتان است. امام علی(ع) عبادت‌های مردم را با توجه به اهداف و انگیزه‌های موجود در آنها، به سه نوع تقسیم می‌کند:
oidjsf,1401-02-03,«إِنَّ قَوْماً عَبَدُوا اللهَ رَغْبَةً فَتِلْکَ عِبَادَةُ التُّجَّارِ وَ إِنَّ قَوْماً عَبَدُوا اللهَ رَهْبَةً فَتِلْکَ عِبَادَةُ الْعَبِیدِ وَ إِنَّ قَوْماً عَبَدُوا اللهَ شُکْراً فَتِلْکَ عِبَادَةُ الْأَحْرَار».[1]
oidjsf,1401-02-03,گروهی از مردم، خدا را به خاطر دست‌یابی به نعمت‌های بهشتی می‌پرستند. حضرت علی(ع) این نوع عبادت را عبادت تاجران نام‌ می‌گذارد؛ زیرا این افراد مانند تاجران و بازرگانان به امید دریافت سود و رسیدن به منفعت، با دیگران داد و ستد می‌کنند.
oidjsf,1401-02-03,گروهی دیگر به خاطر ترس از عذاب جهنم و برای رهایی از سختی‌های آخرت، به عبادت خدا روی می‌آورند. این نوع عبادت، عبادت بردگان است؛ زیرا بردگان از روی ترس و به خاطر تنبیه نشدن،‌ دستورات صاحب خود را اطاعت کرده و از او پیروی می‌کنند.
oidjsf,1401-02-03,اما گروهی از بندگان، خدا را برای شکرگذاری از او عبادت می‌کنند (یعنی او را شایسته عبادت دیده و عبادت را صرفاً به خاطر خود خدا انجام می‌دهند). این نوع عبادت، عبادت آزادمردان و آزادگان است. این افراد خدا را با معرفت و اخلاص عبادت می‌کنند، و این نوع،‌ برترین و بهترین نوع عبادت است.
oidjsf,1401-02-03,قومی متفکرند اندر ره دین
oidjsf,1401-02-03,قومی به گمان فتاده در راه یقین
oidjsf,1401-02-03,میترسم از آن که بانگ آید روزی
oidjsf,1401-02-03,کای بیخبران راه نه آنست و نه این
oidjsf,1401-02-03,بعضی دوستان اینقدر تند میروند که اگر شاعر بگوید ر.. . م به دهنت . اینان تفسیر می کنند منظور ریختن شراب عشق و عرفان در تنگنای انسانی بر روح جستجوگر ادم خاکیست
oidjsf,1401-02-03,به نظرم کاملا مشخصه چی داره میگه. خیلی واضح میگه به بهشت و جهنم اعتقادی نداره و آدم باید در دم شاد باشه. نه تنها این رباعی کلیه رباعیات خیام همین رو میگن. اینا که منظور شراب بهشتیه و ... اصلا درست نیست.
oidjsf,1401-02-03,سلام بنظر من اب انگور استعاره از عشق الهی است که بهشت با حورش بهشت نیست و با عشق الهیه که بهشته
oidjsf,1401-02-03,هر کسی از ظن خود شد یار من
oidjsf,1401-02-03,از درون من نجست اسرار من
oidjsf,1401-02-03,این شعر نمیگه بهشت و جهنم کشکه بلکه میگه اگه واسه حال بردن از حوری و شراب و  این چیزا می خوای بهشت بشین همین کارو رو اینجا انجام بده اونور جای اینکار ها نیست واسه هدف پست خدا رو عبادت نکن 
oidjsf,1401-02-03,بابا رو نبوس که سوییچ ماشینو ازش بگیری دور دور کنی 
oidjsf,1401-02-03,درنَیابَد حالِ پُخته هیچ خام		پس سُخن کوتاه باید، وَِالسَلام
oidjsf,1401-02-03,هرکسی از ظن خود شد یار من / از درون من نجست احوال من
oidjsf,1401-02-03,سر من از ناله من دور نیست / لیک چشم و گوش را آن نور نیست
oidjsf,1401-02-03,دوستان نگران نباشید این خاصیت شعر شاعران بزرگه که گنجها رو به دست نا اهلش میدن تا اون رو حفظ کرده و به دست اهلش برسونن چنان الماسی که همچون تیله ای تراش داده شده و به دست بچه ای سپرده باشند، بچه ها با اون بازی می کنن و سرگرم میشن و از گزند سارقان و راهزنان در امان می مونه تا اینکه اهل علم یا معرفتی اون رو دیده و ازش بهره مند میشه.
oidjsf,1401-02-03,"همان طور که قرآن عزیز می گه «اکثرهم لا یعقلون» ، «اکثرهم لا یعلمون» و «اکثرهم لا یومنون»، شما با غصه زیاد خوردن خودتون رو آزار ندید ""خداوند نور خود را کامل می کند هرچند کافران را خوش نیاید""."
oidjsf,1401-02-03,اینکه ما بخواهیم عقاید خود را به دیگران تحمیل یا عقاید دیگران را مورد حمله قرار دهیم دقیقا همان کاریست که حکیم عمر خیام بیش از هر چیز از آن نفرت داشته زیرا خود حکیم در زمان خود مورد هجوم  تفکرات افراطی متعصبان شد.حالا فرقی ندارد که دینداران بخواهند افراد بی اعتقاد به دین را تحت فشار قرار دهند یا افراد بی دین بخواهند عقاید دینداران را مورد تمسخر و حمله قرار دهند هردو عملی زشت و ناپسند هستند که در تاریخ برای هردو مثال های زیادی وجود دارد.زیبایی ادبیات به همین نظرات و دید های مختلف است پس خواهش میکنم این زیبایی را به تعصب آلوده نکنید.
oidjsf,1401-02-03,"برای تفسیر این شعر باید شعرای ""ایرج میرزا"" رو خوند"
oidjsf,1401-02-03,به به.
oidjsf,1401-02-03,.
oidjsf,1401-02-03,اونایی که فکر میکنن منظور خیام از می، نور الهی یا چیزایی مثل اینه، لطفا بفرمایند اگه منظور خیام از می همون شراب یا باده یا... بود، چجوری باید میگفت می که باورتون بشه که منظورش همون می یا شرابه؟
oidjsf,1401-02-03,اگه واقعا منظورش می بود و نه چیز دیگه چجور باید میگفت می؟ به چه زبونی؟ با چه واژه ای؟
oidjsf,1401-02-03,"(بگذار دیگران هر چه میخواهند بگویند، زیرا هر کس آزاد است که احمق باشد. ""آرتور شوپنهاور"")"
oidjsf,1401-02-03,دوستان گرامی و برادران ولایتی،اینقدر سفسطه نکنید و همه چیز رو به خدا و الاه ربط ندید،با اندکی تفکر،یه مسئله ساده ست،حکیم خیام بطور کاملا شفاف گفته اند آب انگور،نگفته می یا شراب،دیگه از این واضح تر واقعا چجوری باید میگفت،آب انگور ،دوست گرامی،سوال من اینه،چجوری باید میگفت که شما قبول کنی،؟؟،اگر هم طرز تهیه شراب رو تو شعرش توضیح میداد،بازم شما بنحوی اینو میچسبوندی به فلسفه و عرفان !
oidjsf,1401-02-03,سلام دوستان
oidjsf,1401-02-03,خوانش هر متنی، نیازمند آشنایی با عناصر ویژه آن متن و دنیای اندیشه پدیدآورنده آن است. شعر هم عناصر مختلفی دارد که زبان، عاطفه، موسیقی و ... است. علوم سه‌گانه بلاغت، بیان و معانی و آرایه‌های ادبی است. بیان شامل مجاز و استعاره و تشبیه و کنایه است و هر کدام اینها اجزای ریزتری دارند مثلا نماد در گروه انواع استعاره قرار می‌گیرد. زبان شعر ترکیبی از این عناصر و علوم است.
oidjsf,1401-02-03,حور را می‌توان نماد و نماینده تام و تمام لذات بهشتی دانست و آب انگور را نیز نماد و نماینده کامل لذات دنیایی.
oidjsf,1401-02-03,مبالغه، غلو و اغراق هم سه آرایه ادبی است که بنا به شدت واقعیت‌گریزی و بزرگ‌نمایی نام‌گذاری و تعریف شده‌اند.
oidjsf,1401-02-03,متن ادبی، جمله‌بندی ایده‌ای است که نویسنده و شاعر آن در ذهن داشته و این ایده و متن منطقی توامان زبانی و فلسفی دارد و در واقع هر متنی، یک گزاره اصلی است که ممکن است چند گزاره کوچک و کمک‌کنند داشته باشد. 
oidjsf,1401-02-03,پیدا کردن ساختار منطقی گزاره با آشنایی به زبان ادبی و عناصر آن سهل‌تر می‌شود.
oidjsf,1401-02-03,برداشت کلی از اندیشه خیام در این رباعی این است که برای لذت بردن از زندگی نباید تنها منتظر قیامت و آن دنیا بود، این دنیا هم لذات خود را دارد. بیت دوم هم مبالغه است و هدف آن معنای تحت اللفظی نیست و کارکرد مبالغه‌ای مد نظر است.
oidjsf,1401-02-03,فلسفه «دم را غنیمت شمردن»، اساس اندیشه خیام است و او هر بار با ابزار و عناصر شعری، آن را برجسته کرده است؛ گاه با غلو، گاه با مبالغه و گاه با ... و در این میان از مفاهیم اباحه‌گر نما نیز استفاده می‌کند تا آن برجسته‌سازی بیشتر به نظر برسد.
oidjsf,1401-02-03,به نظر من خیام با این مرتبه علمی و درجه ای که داشته، هیچ وقت با این قاطعیت مفهوم دینی یا غیر دینی به شعرهاش نداده و در واقع تو همه رباعیاتش عمدا جای شک و برداشت دوگانه گذاشته. حالا ما با این حد کم علممون بخوایم با قاطعیت بگیم کاملا مذهبی یا کاملا پوچ گرا بوده، درست نیست! به قول خود استاد:
oidjsf,1401-02-03,قومی متفکرند اندر ره دین
oidjsf,1401-02-03,قومی به گمان فتاده در راه یقین
oidjsf,1401-02-03,می ترسم از آن که بانگ آید روزی
oidjsf,1401-02-03,کای بی خبران، راه نه آنست و نه این
oidjsf,1401-02-03,معنی این دو بیت کاملا مشخصه و شاعر اصلا آرایه ادبی پیچیده ای استفاده نکرده و نیازی به این همه جنگ و دعوا نیست!
oidjsf,1401-02-03,"""مخاطبِ"" شاعر افراد متظاهر به دینداریِ"
oidjsf,1401-02-03, و نصیحتش به اونها اینه که
oidjsf,1401-02-03,"""اگر"" خدا و ایمان شما برای حورالعین بهشتی و نهر های پر از شرابِ به قول معروف نسیه رو ول کن نقد و بچسب! "
oidjsf,1401-02-03,"و نهایتا این که ""وصف خوشی ها"" اون طور که به نظر میرسه نیست و بدست آوردن آن به این آسانی نیست."
oidjsf,1401-02-03,من فکر کنم معنی دقیق این شعر رو فقط و فقط بطور کامل ملاها و جامعه روحانیت فهمیدن.اونا میدونن آخرت و بهشت و جهنم کشکه واسه همین حاضرن همه چی رو فدا کنن تا تو همین دنیا زندگش کنن.
oidjsf,1401-02-03,اول: گوگل کنید آزمون مارشملو؟
oidjsf,1401-02-03,دوم: فکر کنم مشخصه چی گفته. بچسب به چیزی که داری، هرچند بد، مادی، فانی، و... چون هر بهشت و حور و هر چی هم که باشه نسیه است و معلوم نیست باشه یا نه. پس بچسبیم به کمِ نقد، نه به زیادِ نسیه.
oidjsf,1401-02-03,دوستانی که نوشتند : «به نظر من ...» چنین و چنان، توجه شما رو فقط به یک نکته جلب می‌کنم. حتما می‌دونید که این شاعر شهیر کشورمون، معروف به «حکیم عمر خیام نیشابوری» هستند.
oidjsf,1401-02-03,نوجه فرمودید که بارزترین صفت ایشون، «حکیم» بوده. لطفا یک تحقیقی بکنید که حکیم به چه کشس گفته میشده و گفته میشه و حکمت از چه و کجا سرچشمه میگیره. قطعا متوجه میشید که طرز فکر حکما چگونه بوده و گفته‌هاشون رو چطور باید درک کرد و اصلا ربطی به بعضی از حرف‌هایی که اینجا نوشته‍شده، دارند یا خیر.
oidjsf,1401-02-03,اگر کسی نظر شخصی خودش رو میخواد بگه، اشکالی نداره، ولی حرف توی دهن دیگران گذاشتن و به حکما نسبت دادن، روا نیست.
oidjsf,1401-02-03,موفق و موید باشید.
oidjsf,1401-02-03,متن من رو  با این فرض که منظور از خیلم شراب بوده و اینکه قیامت رو باور نداشت بخونید اون هایی که اینقد هی موافق بودن با نظر این شاعر شما حافظ رو  نمی بینید مولوی رو نمی بینید سعدی رو نمی بینید زکریای رازی رو نمی بینید ابو علی سینا رو نمی بینید جابر بن حیان که تو  ویکی پدیا هم  رو نمی بینید ابن هیثم رو نمی بینید خواجه نصیر الدین طوسی رو نمی بینیدابو ریحان بیرونی رو نمی بینید ملاصدرا رو نمی بینید و خیل عظیم بزرگانی دیگر مثل فردوسی اووو تا دلت بخواد بعد یه شاعر دانشمند اومده گفته آقا بهشت و جهنم رو ول کن و لذت های حرام دنیا رو بچسب حرف اون رو به دندون گرفتید و دارید سواری می گیر  و اون  همه فیلسوف و ریاضی دان و حکیم  و عارف و ادیب و شیمی دان و فیزیک دان و همه چیز دان و منجم و منطق دان رو ول کردید؟! کافیه یه سرچ بکنیدو این مشخصی هایی که برای این بزرگان گفتم رو از تو نویسه  ای که ویکی پدیا برای بیو گرافی هر آدم معروفی مینویسه و تو همون صفحه ی اول که سرچ می کنید می بینید ببینید. هیچ کس تا حالا نتونسته چه با فلسفه چه باعلم بگه  خدا نیست قیامت نیست بلکه این که   خدا هست  و  یه مواخذه در جهانی مشخص که عدالت رو بر اساس معیار های ذات بی نهایت (خدا) برقرار کنه به احتمال 100 درصد از لحاظ فلسفی وجود داره الان اثباتش رو میگم :هر معلولی یه علتی  داره پس برای مثال جهان که از یه موقعی از یه ذره ای به وجود اومده اون ذره رو یه به وجود آورنده ای به وجود آورده و  چون   قبلش هیچ چیزی وجود نداشت  اون به وجود آورنده باید در حالت عدم وجود رو به وجود میاورد و جز یه ذات بی نهایت از  نظر فلسفی نمیتونه در حالت عدم وجود رو به وجود بیاره خب پس هر چیزی که به وجود آمده بی نهایت از اون در اون ذات بی نهایت وجود داره چون هر چیزی از اون به وجود آورنده جریان وجودیش رو طی می کنه  و  او ذاتش بی نهایته پس از هرچیزی که به  وجود آورده   اگر ضعف  حساب نشه چون ضعف با بی نهایت بودن در تضاد هست خی حالا همه  می دونیم که عدالت ضعف نیست پس بی نهایت عدالت در اون ذات بی نهایت(که ما اسم این به وجو آورنده رو گذاشتیم  خدا)وجود داره دقت کنید  بی نهایت عدالت پس اون ذات بی نهایت باید به هرحال عدالت رو در نهایت بین همه رعایت کنه خب حالا یه سوال اگه بعضیا مثل آدمای ظالمی که این همه آدم روکشتن یه بار با اعدام کشته بشن کشتن اون هم آدم جبران میشه؟؟ کشتن اون ظالم،ظلمی که نسبت خود کسایی کشتشون و خانواده هاشون کرد جبران میشه؟؟ جواب نه هست پس  قطعا  باید در جایی دیگه عدالت به  صورت  کامل اجرا شه خب مسلمان ها  طبق عقایدشون اسم این مکان که مواخذه صورت می گیره گذاشتن قیامت باور کنید هر چی مسلمونا میگن بنیاد های عظیم علمی فلسفی داره خب اینم اثبات عقلی  و منطقی صد در صدی قیامت یا همون به اصطلاح  بهشت و جهنم. برای مثال یه چیز علمی مسلمونها رو میگم مسلمونا تو احکامشون اینو دارن که اگه دارید جایی مثل دستشویی میرید در ورود با پای چپ وارد بشید و در خروج با پای راست ولی وقتی میخواین وارد جاهایی مثل مسجد یا خونه بشید در ورود با پای راست وارد بشید و در خروج با پای چپ حالا دلیلش دانشمندا کشف کردن که اگه آدم  موقع سکته کردن پای چپش جلو باشه به عقب پرت میشه ولی اگه  پای راستش جلو باشه به جلوپرت میشه حالا اگه ما  این حکم   رو رعایت کنیم اگه در موقع ورود به دستشویی با پای چپ  وارد شیم اگه همونجا سکته کردیم به جای این که با سر بریم تو توالت میوفتیم تو خونه و حال بقیه رو موقع بلند کردن جسدمون بهم نمی   زنیم و در موقع خروج هم اگه با پای راست خارج شیم بازهم به جای افتادن تو دستشویی میوفتیم تو خونه و جاهایی مثل مسجد و خونه ی   خودمون هم روند سکته رو  خودتو تشخیص  بدین دیگه حالا اینو دقت کنید اسلام  1400 سال پیش اینو گفته بود پس بیاین به دینی روی  بیاریم که خدا  توشه و  انسان های خوبی مثل ام حسین علیه السلام داره و برای ورود به دین اسلام هم خوندم که باید بگی اشهد ان لا اله الا الله و بعدش بگی اشهدان محمد الرسول الله همین خب در پناه حق باشید یاعلی و خداحافظ
oidjsf,1401-02-03,خیام تو این رباعی به طور واضح داره حرفشو میزنه که بهشتو جهنم کشکه.دیگه نمیدونم چرا یه سری میخوان بگن نه این منطورش یه چی دیگه س.
oidjsf,1401-02-03,سلام،
oidjsf,1401-02-03,مصرع اول در اینگونه دکر شده ولی سایت تاکید داره، که متن خود درست است لطفا بررسی میکنید.
oidjsf,1401-02-03,*زاهد گوید که جنت و حور خوش است/ من می گویم که آب انگور خوش است*
oidjsf,1401-02-03,در دوره خیام هنوز نمادهای عرفانی شکل نگرفته بود که خیام بخواد ازشون استفاده کنه، تعبیر عرفانی ازین اشعار صرفا چپوندن معانی عرفانی در دهان خیامه، این شعر هم تنها شعری نیست ک خیام توش دست ب انتقاد از خرافه‌های مذهبی زده. اساسا فلاسفه برای همین از جانب مذهبیون همیشه مورد آزار و اذیت قرار می‌گرفتن
oidjsf,1401-02-03,گویند بهشت عدن با حور خوش است 
oidjsf,1401-02-03,من میگویم که آب انگور خوش است
oidjsf,1401-02-03,این شعر به معنای دقیق مانیفست فکری و احتمالا مشی زندگی ایشون رو مختصر و مفید شرح میده...ناسخ و منسوخ هم نداره
oidjsf,1401-02-03,بعضی دوستان چنان قند تو دلشون آب شده که یه نفر یه سری حرف زده که با امیال و خوشگذرونی های دنیویشون جور میاد که انگار اون دنیا قراره این ابیات را حجت بگیرن و جواب کاراشونو بدن شما اگه طرز تفکرتون اینه چرا دنبال 4 تا بیت شعر هسین واسه مهر تایید پای کاراتون و سعی دارین خیام را یه عارف معرفی کنید، همینطوری خوش باشین و حال زندگیتونو ببرین دیگه. بعد جالب تر اینه که 60 هزار بیت مولانا را که بزرگترین عارف تاریخ بشریت هست و تو تک تک ابیاتش داره داد میزنه که این زندگی یه خواب بیشتر نیستو نمیبینن یا سعی میکنن نفهمن ولی جوری زیر این مدل اشعار ذوق زده میشن و افاده کلام میکنن که آدم متحیر میمونه
oidjsf,1401-02-03,بعدشم ایشون یه ریاضی دان و منجم بوده و بسیار بسیار هم باعث افتخار هست حضورشون و دست آوردهاشون ولی چه ارتباطی داره که بعضی دوستان میخوان جواب مهمترین و اساسی ترین سوال زندگیشونو از اشعار یه آدم علمی که همه ذهنش پر از دو دو تا چهارتای معمول دنیای علم هست بگیرن، اصن علم و عرفان جمع اضداده
oidjsf,1401-02-03,درود دوستان.
oidjsf,1401-02-03,در این مکان. جایی که هزاران شاعر برای اعتلای زبان فارسی تلاش کرده اند، نوشتن هر کلمه به غیر از زبان فارسی (فینگلیش) توهین بسیار بزرگی به فرهنگ و ادبیات و شاعران است.
oidjsf,1401-02-03,سلام واقعاااا برام قابل دررررک نیست آقایان چی میزنن که شراب انگوررا به مدهوش شدن و بی هوش شدن از جام الهی تلقی میکنن
oidjsf,1401-02-03,هر چند بهشت صد کرامت دارد
oidjsf,1401-02-03,مرغ و می و حور سرو قامت دارد
oidjsf,1401-02-03,ساقی بده این بادهٔ گلرنگ به نقد
oidjsf,1401-02-03,کان نسیهٔ او سر به قیامت دارد
oidjsf,1401-02-03,( عبید زاکانی رباعی شماره 12)
oidjsf,1401-02-03,با سلام خدمت تمامی عزیزان
oidjsf,1401-02-03,اول از همه به شخصه لذت وافر میبرم از این همه شهد و شکر و عشق که در رباعیات زیبای بزرگمردی همچون جناب خیام میبینم
oidjsf,1401-02-03,"بنده حقیر خواستم جوابی به کاربری به نام "" تلخ "" که الحق اسم برازنده ای نیز برای خود انتخاب کرده اند ، بیان کنم"
oidjsf,1401-02-03,اولا جناب تلخ ، شما خود از داشتن جنبه و تحمل و تامل در بیان و شنیدن افکار و عقیده انسان  های مختلف ، کلی با آب و تاب سخن گفته ای ولی خود شما ، عقیده و نظرهایی که با سنگ محک فکر و ذهن شما همراستا نبوده  را ذره ای تحمل نکردی و تا توانستی بهشون تاختی .
oidjsf,1401-02-03,"دوما چون درباره شخصیتی مثل جناب مطهری ( حالا  ایشان چه خوب بودند چه نبودند ) فرمودی که "" ایشان فیلسوف مسلط به ادبیات بوده اند."" نمیخواهم وارد  نقد تک تک کلمات این عبارت بشم چون کلمه به کلمه اون اشتباهه و غلطه ، در جواب شما ، از چنین فیلسوف والامقام مسلط به ادبیاااات فقط جملاتی را  نقل میکنم : «فردوسی مردی زیانکار بود. زنده کردن لغات فارسی باستانی، برگشت از تعالیم قرآن است. این همه سر و صدا برای عظمت فردوسی و جشنواره و هزاره و ساختن مقبره و دعوت خارجیان از تمام کشور‌ها برای احیای شاهنامه و تجلیل و تکریم از این مرد خاسر زیان برده تهیدست برای چیست؟! برای آن است که در برابر لغت قرآن و زبان عرب که زبان اسلام و زبان رسول ا… است، سی سال عمر خود را به عشق دینارهای سلطان محمود غزنوی به باد داده و شاهنامه افسانه‌ای را گرد آورده است.» ( تفسیر ها و توضیحات گروه هایی که قصد داشته اند که سخنان را توجیه و یا اصطلاحا ماست مالی بفرمایند را "
oidjsf,1401-02-03,کامل خوانده ایم و لطفا دوباره اشاراتی به آن مطالب نفرمایید )
oidjsf,1401-02-03,این نظر جناب مطهری درباره حکیم بزرگ جناب فردوسی است ، ببین دیگه راجب به جناب خیام نظرش چی بوده دیگه !!!!!!!!!!!!!!
oidjsf,1401-02-03,"سوما صحبت کردن به همراه تعدادی از الفاظ و آرایه های زبان فارسی و لفظ قلم صحبت کردن که اصطلاحا "" کتابی صحبت کردن "" به ان میگویند ، نشانه این نیست که شخصی ، استاد ادبیات یا آشنا به زیر و بم فنون شعر و انسان عالم و فاضلی باشد ، مهم ، مغز و درون مایه حرف ها و افکار آن شخص  است که با بیان مفهوم "" کوچه بازاری خواندن این رباعی "" تقریبا مابقی مطلب را "" بدون شرح "" باقی میگذارم ."
oidjsf,1401-02-03,انقد اشعار جناب خیام ، شیرین چو شهد عسل ، سهل و ممتنع و دارای گرانبهاترین اسرار خلقت و معرفت و زندگی و ......می باشند که هر کس میتونه برداشت خودشو داشته باشه ، به شما هم حق میدم که تقریبا خیلی هارو به نیت تایید برای فعل شراب خواری ، طرفدار جناب خیام بدانید در صورتی که خود شما ثانیه به ثانیه زندگی میکنی ( البته دور از جون شما بعد از 120 سال )  برای رسیدن  به نهر های مملو از شراب و عسل  و هزاران هزار حوری العین بهشتی ، و تنها حرف ، این است که آن شراب و حوری ، مصداقی از عشق خداوندی و پاداش  اسمانی و ازین جور تعاریف می باشند ولی اینجا و در حال حاضر ، حرف جناب خیام و اکثر
oidjsf,1401-02-03, خیام دوست ها ، مصداق شراب و عرق خوری و الواطی . 
oidjsf,1401-02-03,ولی در کل اگر اشعار جناب خیام را با چشم دل بخوانی ، چیزی جز عشق و ارامش ابدی در آنها نخواهی یافت . تمام ادیان و فرقه ها و گرایش ها را کاملا در بر میگیرد . این اشعار را باید با گوش دل شنید و با پوست روح و روان ، لمس و احساس کرد . با تمام وجود باید شعر را خواند نه با چشم و سواد .
oidjsf,1401-02-03,اینقدر این اشعار ، زیبا و جاودان ، خارق العاده و شگفت انگیز هستند که  اگر یه شخصی در یه زمانی عمدا بخواهد حتی از روی عناد و تعصب ، جسارتی به جناب خیام  بکند  ، والله نمی توانند و نخواهد توانست ، چون جناب خیام ، عینا واقعیت و مضامین بسیار سنگین و ثقیل کل هستی را ، آنچنان روان و لطیف بیان مینمایند تا همگان  با هر توان درک و فهم ، متوجه ان شوند، ولی گویا این سادگی گاهی به سبک بودن و کم ارزش بودن تلقی میشود .
oidjsf,1401-02-03,اگر اشعار جناب خیام مملو از کلمات سنگین و پیچیده و دهان پر کن بود ، آنوقت کسی دیگه حتی برای ضایع نشدن هم که بود ، چنین مطالبی مثل شما بیان میکرد ؟؟؟؟؟
oidjsf,1401-02-03,چه مسلمان چه مسیحی چه کمونیست  یا هر دین و آیین و مکتب و اعتقاد و گرایشی ، انسان در وهله اول ، انسان است . 
oidjsf,1401-02-03,خدای بخشنده  مهربان ، این دنیا را مملو از عشق و زیبایی آفریده است ، ولی ما انسان ها خرابش میکنیم ، حالا چه مثلا مسیحیت بهتر از بوداییزم باشد یا فرضا فرد مسلمان بهتر از فرد یهودی باشد یا خورشید پرستان بیشتر از ماه پرستان میفهمند و ............
oidjsf,1401-02-03,به یزدان که گر ما خرد داشتیم
oidjsf,1401-02-03,کجا این سرانجام بد داشتیم
oidjsf,1401-02-03,سلام بر دوستان
oidjsf,1401-02-03,فردوس برای هرکه یک جور خوش است
oidjsf,1401-02-03,بر می زده با شراب انگور خوش است
oidjsf,1401-02-03,بر مرد عزب با دو سه تا حور خوش است
oidjsf,1401-02-03,بر مرد عمل با سیخ و وافور خوش است
oidjsf,1401-02-03,خیام در این چهار پاره اب پاکی را بر روی مذهبی ها میریزد 
oidjsf,1401-02-03,او لذات نقد دنیوی را بهتر از بهشت ندیده ادیان میداند 
oidjsf,1401-02-03,و شراب را با بهشت خیالی معاوضه نمیکند
oidjsf,1401-02-03,با سلام؛ این همه مدعی و ادعای درک و فهم شعر و ادبیات فارسی و این تعداد غلطهای املایی و انشایی واقعا نوبر است!
